x1,y1,z1,x2,y2,z2,x3,y3,z3,x4,y4,z4,x5,y5,z5,x6,y6,z6
203.0413772,-2.671947336,0.754568863,-150.7349463,-8.500073407,-26.05262103,140.3079583,-10.69090509,-10.81848361,193.1356406,-8.004023779,-6.210937666,-165.9298036,-8.000441528,-18.83765823,204.1240881,-4.493180273,-2.5230815
31.03839911,-15.78179679,-7.513138359,-153.1933649,0.364688685,17.27741759,137.9831582,-38.42471734,-8.99793017,82.01280538,16.24578838,30.63546657,-148.0543432,-8.763314872,14.18598064,192.1986503,-13.70986041,-9.750779393
133.9146899,-40.61130954,-16.85140789,-101.0927248,9.563891793,0.911868996,5.030697653,35.30030384,-1.994834924,-2.11E-15,1.20E-17,-6.20E-17,-100.5953879,-30.19895248,-16.20277207,30.07664862,-38.1638067,-9.485291836
-152.6402539,0.965313758,-2.091244268,146.1385724,15.47871779,-3.299925919,-166.4600388,2.579420838,0.130995184,-137.9041414,-3.264375551,-14.4448932,178.5276301,4.045819694,-7.003773952,-189.0235742,-9.656291692,-4.448737156
-75.34593463,2.678544615,2.607774882,78.49128515,5.56688226,11.2675231,-64.30644906,11.83487057,28.94601044,-46.04786581,22.3137431,2.371334542,40.57513411,-5.521845012,21.32916505,-37.43909185,-22.48438827,-8.216849779
137.8071213,11.36205347,6.067484086,-75.71405766,-31.29623406,21.4384057,69.55661676,21.17331554,3.267222723,35.35426477,-17.07572709,0.544630286,-158.7801966,6.241527454,17.41532161,42.80791125,10.36305782,9.873604081
-158.2623936,-0.420677631,4.324906272,167.7941801,16.44601705,5.861846223,-158.876649,-2.283896086,-8.855643965,-172.4021527,-11.68485345,-2.805302637,163.6663993,0.896881966,3.146347102,-161.4399736,22.2022134,-5.165589769
-186.897766,3.898748297,-2.198949933,159.5672425,19.36996424,5.773001894,-178.1155698,-14.25594919,11.81661382,-151.0905671,5.646126109,-16.2382691,195.4509237,-7.021567583,3.828338544,-197.7148991,-5.428992425,5.254719254
89.19463244,-16.21593455,4.137398607,-39.99884104,40.04078613,15.66948534,89.92547643,51.95784468,-24.14970611,101.2033282,-59.57613241,3.555432691,3.39E-15,2.38E-16,-6.94E-17,-4.18E-18,-2.09E-18,1.15E-18
72.67556146,-65.23078201,-4.682229106,-1.13E-15,-6.45E-17,-1.42E-16,206.3342522,-1.521833289,-0.693066667,68.67068652,-33.82634541,-10.27471068,-76.06062526,-65.38886395,8.840324884,179.149823,-9.038120049,10.42063336
-168.4869406,4.89492627,-1.782898966,181.6708194,-8.880254095,-3.39401379,-189.559737,0.151832456,2.235504298,-203.3701995,6.871982645,4.699538996,197.7158581,-9.477112553,-2.313554458,-199.6186729,-12.83718754,-2.686720918
51.98385937,6.207562932,82.1072726,9.88455843,-27.87769957,-1.104968452,-18.02537262,15.56887276,-55.71998615,72.12975383,-32.38102588,6.203308619,-93.80964575,9.312910062,11.37117398,1.545356484,-6.565896346,-24.2356342
106.6624477,-33.53292435,25.592651,-137.0003741,-21.27680605,-28.85599617,138.920472,-14.52123588,1.766402664,45.98691151,11.60553152,-6.323335537,-7.286560169,11.87585055,6.079861666,41.63571865,-34.27718884,4.59730197
42.2143554,37.24817365,3.797935214,-6.673171982,15.00756392,19.52805985,-1.08E-15,6.18E-17,3.46E-17,73.06059689,41.97034916,33.69723856,-22.49507583,15.59016795,-4.972740543,57.04232771,-2.926653878,5.518665898
-55.54552823,18.79875569,14.64804185,22.02915917,26.62365552,-14.72101456,-99.57387014,-4.585981764,9.809870497,-78.49323472,19.89139313,21.23016711,8.282809168,-29.04744152,-1.419410473,-69.9445629,-4.535433019,16.68260672
-86.49483553,-47.21192492,-11.6942882,114.4914908,-12.57728148,-7.97983011,-67.02069491,-3.678675291,-16.59098515,-62.35986523,-57.61570573,-10.03125944,99.73842639,2.966306319,-3.317560572,-49.85095684,-5.746310758,9.4275711
-5.16E-18,-8.09E-19,-5.75E-18,-0.626240516,-22.87889227,-1.761954625,1.66321611,-31.47797292,2.328567163,-33.33877523,-25.87670164,3.654076953,-0.081441396,25.94181805,0.406642201,71.61083677,35.59943355,16.62488209
37.88124838,5.613639573,-17.76047392,-33.60259399,41.4027961,12.20987711,-59.02786518,12.68406762,4.568663757,15.87318823,25.74490832,5.343956017,-44.25163862,38.97672848,17.6902992,-19.27276514,-8.31768015,7.041663441
16.94266337,5.389764864,-45.18443619,-1.13E-15,-6.45E-17,-1.42E-16,52.59217877,-10.39279314,1.868701821,46.95615275,-11.1468729,9.187673692,-104.8601976,-33.74653124,-16.79305357,56.77640304,15.46758395,-36.64618606
88.12539352,6.706577981,18.73659106,-76.96734751,-18.02079352,3.526492161,48.85246803,-4.150638653,-7.70001915,97.39871082,-10.80108233,-27.83688446,-142.5866011,-19.82122925,-2.010593329,127.4031399,-14.0668811,3.720868951
-31.11079094,-7.701369204,3.25775968,88.33988023,-21.72322013,27.40159012,-81.09962629,19.94455166,9.683414181,-36.79788551,22.29982487,-12.89913267,63.24819438,8.075195908,19.68139227,-55.69460992,-20.04436975,-12.98209442
-5.16E-18,-8.09E-19,-5.75E-18,-1.13E-15,-6.45E-17,-1.42E-16,-1.08E-15,6.18E-17,3.46E-17,-2.11E-15,1.20E-17,-6.20E-17,23.5120344,16.30332939,-15.95827254,14.01367385,25.34777951,-13.27568576
132.750933,3.787690447,16.45228147,-120.4060299,0.696608537,-0.682781877,80.88044492,3.876582203,5.426061491,148.7810345,-14.44403245,-0.401980256,-133.2382405,-14.70961746,-24.53353637,160.5590236,20.52344195,3.547374929
-5.16E-18,-8.09E-19,-5.75E-18,-123.6608982,-28.64625343,-14.22276601,-16.72173675,-17.46617188,-43.07029098,96.04308587,7.420230706,-14.87643656,55.32404664,4.565004914,-2.600333341,-4.18E-18,-2.09E-18,1.15E-18
-5.16E-18,-8.09E-19,-5.75E-18,-1.13E-15,-6.45E-17,-1.42E-16,60.53480989,9.475379256,-39.42209259,123.729834,-43.64291744,-29.09485571,3.39E-15,2.38E-16,-6.94E-17,175.7778312,4.250244439,14.04370694
-174.629281,-0.571270967,-0.770270556,172.7406917,-16.35161868,4.413118657,-174.6578086,8.487600743,-7.135928508,-180.1679685,8.054206198,-8.83763164,175.5306157,16.22087502,5.941688141,-160.161709,7.847464249,-1.232922658
-184.7210863,6.662001286,-7.721642733,185.366254,-7.276860595,-6.54346783,-165.5964704,-13.10310187,-6.088337584,-176.9824871,-10.50152411,-0.847504501,185.1082199,5.950644069,1.512835328,-182.9769985,4.866438646,-1.076830317
-109.6901423,-9.613342468,-5.929406787,69.66255337,-40.71187869,-10.38805101,-94.96860254,-12.78479142,1.216846999,-99.10121542,-1.648518881,-10.16673355,92.2634446,-6.071423466,-17.32745386,-116.9948865,0.64815597,-6.979258138
-118.574204,-3.931216601,4.569873289,129.2680603,8.445966382,-1.144178185,-134.6469026,0.462025248,6.271052385,-134.9075612,-0.972121851,10.23604929,147.2905702,-0.296976097,-4.708441118,-148.1840564,-8.247720797,2.636000661
69.96267019,33.95403404,-34.31861917,-63.12024592,-4.990112124,-45.59356964,18.40427895,38.85366107,17.99443439,14.60291836,43.10259412,18.22903643,-38.51079769,36.67894245,-3.755461801,-77.52926957,-0.876698633,21.90738346
35.00135829,38.04140888,-26.80259835,-68.89013993,1.546402598,10.20439721,75.85142325,15.66326761,-33.36303468,141.1622287,35.43252936,-17.2615119,-160.2131018,23.66785555,14.79651662,41.53342798,-9.80881652,46.06288424
-5.16E-18,-8.09E-19,-5.75E-18,-24.56471678,-25.81537628,-23.19198024,161.9248536,-7.403615776,-1.175936473,205.6513191,0.388284384,-4.110680042,-118.3568608,-22.64773838,-3.256411351,102.9655905,14.25786961,14.74875217
-5.16E-18,-8.09E-19,-5.75E-18,-95.53339033,-49.84360486,81.79828658,165.8552225,30.28789708,-20.80937965,188.4239992,13.5498971,2.445440555,-110.1604364,21.1340297,36.28289514,88.95664105,-52.49239534,7.992052421
28.87414579,2.637466101,28.53399078,11.07050932,-41.49425124,-9.143447424,-29.20163147,-2.625289009,-9.567999265,44.36052906,-23.73706339,-1.550989493,-43.12750307,-27.80223347,27.56343573,-46.18333288,-15.81259356,24.2582238
33.70674593,-29.26414019,-0.294683268,-101.0503093,2.004778546,35.06638206,169.3724228,1.659267845,-13.55340016,113.7135128,-51.88001961,-3.083885692,-46.90608824,25.21513633,-13.76168587,65.45416422,33.30961077,21.48488412
6.810923653,-15.66423672,-13.60855405,37.3925909,-41.58398155,-3.231965145,6.832848847,8.543770353,6.041418765,31.94578853,15.70524744,-14.87692456,-34.73086032,-21.35192366,-5.390587997,-11.43173918,4.27300628,9.940315642
-5.16E-18,-8.09E-19,-5.75E-18,-180.0616509,6.519766699,-3.640899521,161.5578715,-19.25022798,-2.138283372,177.3258142,-14.40413695,22.89016526,-122.4057323,33.88546052,0.95873199,167.0660528,-2.285975773,3.894818669
-66.17665069,-13.63805549,-8.940462155,76.78767711,16.52430081,-22.50456903,-104.3318607,-6.995828728,7.038791971,-53.00887022,-9.306397404,0.361007442,44.55852728,12.28226596,-4.641499228,-87.41765997,4.396870521,-0.80714072
-97.01702058,-1.438844993,-2.550890649,137.2813202,10.55332891,15.1753652,-85.24646305,-13.97025534,8.159835037,-136.0706909,-3.54763875,16.38712881,149.6023313,-1.679963682,-12.6701991,-158.9447282,-16.96010298,-0.996488344
-192.3880268,-1.778710012,-0.627628994,200.8582401,-0.03414509,3.043424036,-196.5822124,0.710808254,-5.618041998,-210.4780457,-0.737974738,-1.078159587,210.2068055,2.660743488,3.229853758,-211.9607839,1.149316419,0.70269575
170.0973623,-4.956338552,1.304095601,-108.8587332,5.846315917,-33.0525851,203.1636407,-1.034568718,-0.498584716,175.6304641,1.727321491,-14.61481986,-122.7166117,23.31627121,-19.64250403,41.78225233,16.31908264,-23.03645558
-166.8888882,-4.758704746,-8.813092276,168.9451548,0.726851349,12.11250737,-194.2627896,-0.404151461,-1.430788259,-172.2536864,1.913418091,10.02734353,164.9237555,7.114086112,-7.425544823,-192.688049,6.569715556,-6.130206048
61.67610876,4.998539558,-21.91562459,13.14950676,-40.4612518,21.00035974,19.86949506,-21.43079922,19.78632704,-21.56155083,2.80248753,1.614617406,-33.38790613,-16.69230149,-4.0271771,31.9067892,-14.13328667,18.54268508
149.1188909,33.73466184,14.03913055,-133.1912169,27.79302761,3.969695756,114.4255026,17.67133946,23.07946953,41.60102095,-20.72583067,-23.79579374,0.292285478,-12.57708576,19.79705232,94.92782325,2.048849268,1.448462241
-1.306572243,12.02132822,-3.048933301,8.948180031,-0.822983993,21.76652168,7.911648053,25.21099113,9.119095477,23.67034484,8.833010406,9.53289453,5.259310263,-4.537094975,-17.7914038,-39.24139852,23.09713908,8.010487111
71.65081777,20.71763537,33.62302974,-45.27473257,-20.02849933,14.15928704,-54.44425467,-2.434983152,12.03353781,-41.09798724,-22.62230176,-17.77703347,79.74047491,-9.891387524,6.37048831,-23.40087962,-1.01030166,-4.827836555
100.0774117,-25.10668821,35.89986665,-202.7802358,-6.156737985,-4.364572671,171.0293042,11.3350226,45.08436825,180.7748649,23.14824235,-9.617921185,-166.7589015,6.8049719,5.916614842,184.7430824,13.85165918,9.787118674
-134.0998057,-1.763178094,5.157875358,140.6345789,-18.63381925,-2.18022812,-154.5393887,4.986043637,11.63034691,-164.8217653,0.700191031,-1.660104566,152.5101858,0.476288145,-1.777098014,-171.5868173,-9.576578557,7.122839967
-70.40359935,-6.935851073,-12.21684015,83.96493945,7.662072069,-4.646747598,-24.88150276,0.357353251,-2.08302026,-112.1648944,-18.33609816,3.070392493,107.7039143,-2.110269087,-1.4524091,-115.4255803,1.302364219,-5.813895909
87.01283514,64.23714162,-28.40997686,-107.3410163,39.55170947,-12.24806838,158.1423257,-6.816652157,9.195662823,64.74398946,26.48343582,-16.83126333,-105.8708726,31.29953815,-41.99581543,-4.18E-18,-2.09E-18,1.15E-18
-162.8432385,8.815526405,2.821771636,174.9108876,2.577803863,-11.70334742,-197.8758882,-6.914713445,4.028822304,-148.258023,-22.68170492,2.853834572,175.0787744,9.217813143,1.570238253,-189.918203,5.070657023,-1.271119036
-5.16E-18,-8.09E-19,-5.75E-18,-159.0573112,12.30896638,6.647217943,111.5979669,37.71821904,-14.86979526,77.00018954,-4.298826717,19.8615882,-132.6183434,27.28536195,6.205090522,119.0229204,41.17198171,5.325960946
-153.6927,-2.842804578,2.056315481,167.4889665,-9.678960189,5.228227772,-173.6664275,-2.905781896,11.27521211,-181.100051,3.038341317,7.576029329,172.3754227,-0.433437863,2.354734582,-175.1491524,-0.845960722,-1.637659641
123.0900147,-32.04366362,-50.9077939,-101.8707319,-18.84965548,-29.06798747,131.2785278,30.60526948,-4.491683938,166.7626073,-13.63443291,29.580205,-161.4906731,5.507241118,-3.982356685,176.1292424,3.865657019,-16.36850256
-179.8536439,0.722083473,5.261209817,184.0302276,6.318268049,7.684608817,-179.4601061,1.986105572,-1.991801028,-199.5286296,0.029078166,-5.370715968,197.0788413,4.31187499,1.521566143,-194.5273267,0.952015857,-3.443283582
-5.16E-18,-8.09E-19,-5.75E-18,-43.88782386,3.186556022,-19.24105841,0.917222247,-57.81954662,-0.778930556,87.65295243,31.89537329,-21.74217213,-121.5892104,-2.965556162,-4.266277952,96.49845029,14.40241311,-18.02806495
123.1072715,-19.14099218,-3.885167791,-77.43097762,-14.44237604,-54.8679751,83.21102997,-8.577071011,41.42607279,51.79606643,9.052828591,10.73391638,-27.08670823,-3.031021156,-2.500916162,57.19682677,16.43892229,8.096652971
-26.36440457,26.76441804,-6.665400801,-44.29395719,-25.14589069,-22.31366167,89.97900237,-41.32863532,29.15003208,107.0939201,25.83238446,-1.837370529,-111.9377441,0.586738237,-4.282724076,141.7322788,28.24928565,42.54713073
22.99377016,-52.71154016,20.02006478,-80.43727294,-15.11922985,-6.594928444,93.27239544,-3.552482207,18.57516839,159.613793,-11.90039344,39.03714378,3.39E-15,2.38E-16,-6.94E-17,112.031955,-33.99520111,32.91606309
95.67119471,9.273021291,-22.96406285,-165.6767451,35.68903534,30.30058794,52.12989532,-33.42871984,4.497815648,115.1536501,-24.77956368,-24.53261472,-113.0056044,-5.111194933,-48.58170761,114.0731931,-24.68988798,11.25484224
-5.16E-18,-8.09E-19,-5.75E-18,-1.13E-15,-6.45E-17,-1.42E-16,-1.08E-15,6.18E-17,3.46E-17,132.8909227,13.11578298,-24.57813813,-199.9340823,-3.059969654,-0.853224949,132.0853297,-70.97969334,17.57801442
-123.7112866,17.23081571,-1.211269733,49.95239663,-6.341715033,-9.624973468,-15.04729102,9.603134946,-13.49228702,-88.41217518,-19.23021455,-17.32518628,89.99982373,-6.038980788,19.57637493,-101.0897702,-8.400420914,0.479793869
18.06196081,20.26744166,5.676283136,-27.56766397,-69.63382767,0.028582754,-9.781057529,-4.035058991,-0.532800474,-3.418900585,-4.790340166,4.178694896,-86.26124103,-1.250808391,-18.47864371,111.1439347,-6.765085006,-35.28887412
152.2088982,12.47625833,18.13862364,-151.6561754,-3.762164493,-10.81201783,136.4210884,-17.52660932,2.084270957,104.4036555,-23.20365607,-11.62589488,-27.13769672,-23.73842474,-6.104064776,126.7596937,40.58723247,9.088898802
-182.4627519,2.823458075,-1.508083542,172.4889824,15.4509653,-5.939936377,-199.9511876,2.015583421,3.098032641,-176.2124154,-0.230027318,1.061802548,192.9502144,0.932551817,-7.517710314,-183.2787377,-3.125060329,4.743192716
25.04217496,-10.21623811,-19.28145985,3.208445505,-34.15744249,26.84445074,72.88290126,-8.037733245,19.29138055,57.62223567,-33.27685383,12.2822207,-88.29844056,-32.09695891,-13.99376929,46.2005024,-9.690341391,16.05639492
-25.73519059,12.1963406,-6.958117132,3.938146978,18.07776363,-11.80611216,-87.05293226,-12.15164477,-12.26113612,-62.65558519,-8.196209091,-4.992366648,76.2386427,10.59134113,-2.445095038,-82.84019714,10.04902572,-6.396666976
118.3059847,-11.16706128,-5.850811997,-60.41764452,61.30337684,11.2283194,182.9100577,16.46739417,-9.70385491,160.7980114,-3.94265102,-3.321038101,-210.4346349,0.219749668,0.212024947,184.1676394,10.79352145,-3.644908535
-101.9312353,2.057851855,-9.637600899,53.86355937,-26.26190525,-18.66015459,-91.50249304,-10.88775824,-2.092734,-129.1372773,24.28286557,2.921608431,118.2706746,-6.330120983,7.540142608,-128.3909742,11.47691965,-2.471574513
-79.71909241,-8.858977255,7.227255721,2.773898746,-5.682966389,4.633935177,-42.84159247,31.08141883,-1.829073583,-66.99989559,5.727463578,-19.95862703,45.20644537,-9.992092974,6.498188175,-89.35237976,-13.98951139,-2.301056004
-90.84861114,-4.104294959,7.756783086,78.22870667,6.702148365,-3.536101408,-76.55783412,3.831413564,-3.639029877,-69.09644136,8.301290027,12.50485798,117.8228059,2.559578046,3.568494465,-95.43028449,2.585147762,10.40384406
-170.8157007,5.992770813,-0.724245203,176.3036457,9.506799116,17.45252987,-136.2210548,-3.90641781,1.959933186,-180.2345225,2.380306307,-14.68651915,162.5917583,-1.001007758,-4.198001353,-139.2063123,1.173912696,5.289704447
20.87891306,-38.2623314,-28.64459119,-50.50547168,-30.83217219,-0.010224212,90.93596051,-17.34623706,10.19627136,-2.11E-15,1.20E-17,-6.20E-17,-42.95394899,16.69617382,15.84725843,-29.90115383,3.108136736,-16.26026513
-5.16E-18,-8.09E-19,-5.75E-18,-175.7139613,-5.527476353,-12.29448091,164.3361593,20.06272241,9.828125383,150.8811195,20.7502797,1.293855783,-169.9796989,-8.174053299,-14.46907215,167.732977,-16.5346684,-11.18381913
-5.16E-18,-8.09E-19,-5.75E-18,82.07328776,9.371602254,-39.87070031,-119.9644589,-17.27669432,-11.47710036,-114.8082203,-19.31674846,-15.1475091,105.8720316,-11.3018656,-2.795521952,-99.93032223,16.97519646,-16.1421384
-107.1659755,-2.473799561,11.48863787,116.029935,-0.413800217,-11.4689453,-1.08E-15,6.18E-17,3.46E-17,-93.02920347,27.55887918,-49.63548715,146.1333998,-6.720331404,2.363350378,-107.3392885,37.85674698,-4.083602393
-139.6600477,-1.260009868,5.911990486,146.5812543,-8.884027986,-2.927606777,-151.0110813,7.499672653,1.85379019,-160.6422023,5.497440756,5.109154738,159.7371203,-2.245460284,1.807570759,-162.325571,-1.926448424,-3.134144305
101.8062267,-7.978273918,-24.19158492,-80.57316509,40.39829331,-4.936675904,113.3579294,12.00169395,-6.932420274,-13.39996226,-24.13950576,-11.34836191,-106.688904,13.8905999,-9.234306489,73.92911648,6.9417557,11.99608703
-60.56349266,-16.72833376,10.35928955,-13.76264726,26.48195104,18.01547665,66.16232579,15.17851949,36.11288165,-23.20788256,8.310368923,9.446323572,40.89736995,-8.966534336,3.77101698,19.32456373,25.52361259,-24.38506052
-184.1019119,4.026547675,0.588728314,186.3009735,3.464206672,-0.712252185,-184.5092835,3.162530874,-4.788679336,-185.6200936,3.557489294,-6.754169167,183.1730114,3.878521223,-0.415233254,-198.1534306,7.582913793,-0.20821036
142.4332852,11.929674,15.00100467,26.96092961,43.68856532,1.513905672,22.73009647,-41.36446624,7.511337624,32.36451436,41.1750389,-3.565362074,-1.174405032,10.16999337,10.24662874,-14.42944937,3.157570417,-25.76238009
22.03684327,-2.804642696,11.17521805,-57.70871912,30.88086147,-1.206171577,111.0684529,21.15107082,30.6154079,3.450420925,75.34665417,45.18449598,103.1590484,4.274605254,1.272364101,-19.40906944,25.84555549,1.389150904
76.52476734,-1.422250715,8.919127971,-47.01312307,51.76522843,7.556728524,115.0260691,-47.37912273,-24.43400949,173.5389216,-9.104710285,17.801761,-164.9232834,-24.54085834,13.10561333,61.12349654,53.87951631,-3.134309697
27.86307214,14.33187707,7.40733488,-113.1222135,-25.4976542,-32.76830481,67.50541033,14.28543332,-0.733043642,13.90440611,-38.11625892,2.378950786,6.873666272,-17.71796228,-29.33469321,57.97304344,-39.37592451,-4.027207162
-134.1532088,-3.061519114,2.829556107,147.2528849,13.44132376,2.661819578,-154.4792598,4.128809304,8.617894705,-154.2512616,-2.388796527,-5.008494654,151.3178176,1.523761158,4.256829206,-146.8534379,6.211023959,-2.722361997
-72.21048111,25.61520939,3.025006958,101.0320792,1.019686426,-12.18002811,-14.52282478,-24.49176182,-16.53923676,-52.71088309,7.567689022,-28.11125705,74.55712796,-7.235669003,-20.63851897,-30.09198098,27.51805889,-27.55746499
107.0557815,5.232945093,-5.106704238,-97.78296019,6.226618388,30.13442649,83.09197651,-20.99416361,-11.33780846,125.0822594,-29.71470031,3.736892522,-182.9800488,-15.15431144,1.070502418,14.68450369,14.59091147,33.85423046
67.68310426,-15.69383513,13.50424902,106.9580953,-31.93960576,-3.152962405,60.17987038,32.05367835,9.538492111,26.44076549,24.20289689,-30.75250604,-12.30107909,28.56163647,-16.24004072,8.060516578,-20.4626966,-4.732024861
76.92930537,-48.55449064,-22.61829381,-115.0888095,-21.04181519,-3.563356191,103.1368552,8.859455809,10.57361561,51.20087943,-44.04677616,-24.24931485,-158.1072507,-7.044573271,-2.479588396,155.3681707,-15.06030254,-72.11121158
-5.16E-18,-8.09E-19,-5.75E-18,-127.7584163,-20.81976917,-12.48155733,142.3302888,5.926805299,33.47841716,91.90466452,5.318608294,-28.29828722,-136.7707172,-26.96426064,6.893045941,171.5451404,8.902782003,-33.29232007
55.53105625,-6.803247236,15.95034943,-152.1816944,9.990124534,15.63555775,3.907138945,-19.85777014,38.45680731,33.22941633,11.75112453,-26.85113585,3.39E-15,2.38E-16,-6.94E-17,44.26844346,32.59238959,20.47852131
81.13008463,-5.700681045,-34.4980462,-1.13E-15,-6.45E-17,-1.42E-16,154.2579523,-2.199273045,-3.624095118,128.9157787,-12.83280838,6.453334563,-186.1304243,0.961786262,8.974530195,147.1046236,15.638048,0.52520422
-37.62006907,9.749395235,-5.809025569,84.29966798,6.877406567,17.3202304,-44.51485834,15.72255542,0.398200579,-87.41185862,-0.520309011,-5.80540818,143.3860298,-4.860762841,2.222096463,-66.78267609,14.40366924,-13.42982666
-133.4302888,1.566326134,-19.3379266,185.5929277,3.289016834,11.46130948,-170.7869093,8.437036368,4.285314936,-188.8410811,3.587922316,12.36983151,203.8183124,-3.465340337,-1.719691045,-149.2021458,6.0227674,-0.800076091
-81.6983858,12.67180484,14.75151612,103.8370925,24.8425972,1.688525035,1.58338803,-14.98496051,-7.891135222,-120.6941351,15.2103791,4.334208496,101.3013387,2.878896367,4.359795696,-16.14979085,32.57094826,30.22555515
59.02320757,-16.84841283,-21.93742183,-1.13E-15,-6.45E-17,-1.42E-16,-66.55333724,4.934473642,8.578359638,-2.11E-15,1.20E-17,-6.20E-17,-33.28842207,-24.47584972,-7.100331103,70.02974399,-2.656540157,3.615296765
88.33815903,6.299559886,20.95734452,-67.62533648,27.29329832,22.87539224,130.3383878,-6.687542078,-20.4795751,47.42962967,-24.00878185,51.89594083,-37.31682227,-12.17462269,-0.537014748,97.05840491,-41.54231881,-24.28016357
104.9018302,-7.716003297,-22.04439549,-31.74757243,45.64822045,-25.49981512,17.31021901,-22.64728346,-41.41797326,128.2402755,36.71231447,-0.05821234,-163.358406,30.46183268,-10.60068161,115.8381803,24.57466485,1.946292107
-5.16E-18,-8.09E-19,-5.75E-18,-107.8622222,-6.733169516,-26.35252633,71.48452808,-2.432074587,-5.736488425,13.42589538,-69.89687612,3.667248676,-68.45241667,21.82331146,25.02970531,32.93182566,-9.971977074,-35.58169118
-54.49220056,5.251720255,5.880070989,65.30881053,-19.23310298,-6.58313058,-73.95553244,6.268008445,11.33091832,-75.81855347,14.24128315,9.054717186,68.21924394,5.615254189,4.866247678,-71.31444091,-5.326370699,-4.188924773
48.56078294,-7.613930077,25.20053737,9.302058981,4.523010945,-35.10353577,65.35027892,-13.24989529,20.05872412,90.35878502,-5.460119525,-19.66321978,-75.23948859,-2.077968618,25.99576063,12.10741584,-16.92698442,12.9524923
91.31775731,25.65811343,8.075732706,-150.3244346,-20.4811717,-7.336326299,-1.08E-15,6.18E-17,3.46E-17,94.31090906,26.57875699,39.629954,-73.42449383,9.091394578,-7.099443533,54.43346426,-16.89562101,27.02273707
-5.16E-18,-8.09E-19,-5.75E-18,16.54915193,18.51501671,-45.64020242,-92.00138522,10.09100277,4.619919212,-72.86278849,-26.00488471,9.945494229,63.37992457,-4.364277415,-0.505682879,-20.10044865,29.17640457,14.7219764
178.2406627,-9.374947493,-10.05040248,-136.7583587,-19.55200666,45.82211157,126.7327553,-11.5963142,14.97880536,161.263322,24.39332891,-7.246083267,-84.03513334,15.63385967,14.47468086,141.1182269,0.817527511,-26.56404911
-5.16E-18,-8.09E-19,-5.75E-18,-94.82175583,6.314159423,-37.71731131,98.34920945,-3.54649879,-31.36972509,-17.98356995,-17.07685625,28.99292535,-113.8320398,-10.11382936,-19.23980371,2.392035941,0.684579754,-26.42149491
145.8385157,-22.90989981,5.819616542,-150.1455574,16.53407484,-6.659765336,148.3637445,28.76754145,-21.4923572,135.2874523,-19.42322728,20.14599404,-82.34167825,-31.96864471,-12.68264924,126.1522438,-20.97388561,-31.70525096
89.61746385,2.21107897,-19.91702497,-138.7706296,44.34651845,-2.601791482,-1.08E-15,6.18E-17,3.46E-17,167.0128352,-7.952162712,-11.97819367,-26.1139986,-16.62163881,-36.05842333,-4.18E-18,-2.09E-18,1.15E-18
-6.157505806,10.39005612,14.01611936,-1.13E-15,-6.45E-17,-1.42E-16,117.1206678,-26.41156974,13.29509597,161.4479842,7.33479566,-11.54305142,-195.2932869,13.73683282,-15.71707779,134.5649254,19.84473451,-3.184216185
128.168554,-23.42069347,-7.547644764,-16.49630654,59.4387518,-28.52496564,-8.781618221,3.922508796,-45.32380817,88.52022353,1.943192134,7.27369869,3.39E-15,2.38E-16,-6.94E-17,1.359635085,77.79962503,-5.332006759
47.24317128,6.265495584,-9.450138581,-1.13E-15,-6.45E-17,-1.42E-16,-12.39827463,-12.53658909,34.64154887,-1.083240277,-32.98018671,-31.40475668,3.39E-15,2.38E-16,-6.94E-17,52.16695898,3.290290955,6.663673572
-131.6029698,1.178245481,-2.883338399,125.9117827,21.96803423,5.456020233,-133.354695,1.697658957,1.971378731,-148.8259103,-3.838831814,16.33522588,117.8743631,5.004574785,0.741524538,-103.1052009,-6.443614971,12.51815658
124.1138744,28.7825688,-33.48926317,-187.1177862,-0.757620078,-5.47717184,29.98165906,-65.4204037,-12.24004229,40.60825253,23.277054,3.205302021,-4.330374848,20.38562603,2.427059549,-4.18E-18,-2.09E-18,1.15E-18
156.5286225,50.22241415,-2.020642765,-71.64586599,-5.919327586,26.36489143,24.53640443,-12.27363338,22.72654174,122.6599857,-19.19218332,-8.141847787,-57.08589167,0.877080982,-30.42577526,189.2000761,8.069752133,0.674169462
58.57454537,-18.64215464,3.557138707,-52.23676891,22.88685604,-0.135142584,106.273119,23.04402978,14.24741681,4.392696487,50.14470352,-19.71030507,-32.2493051,2.198409999,18.51932994,67.72054939,-13.0730063,-21.00239128
118.0312835,-7.218625422,14.31553187,-70.14801638,-8.135488524,7.867771923,-1.08E-15,6.18E-17,3.46E-17,43.81842624,1.391822123,-2.348710861,-59.77222987,36.63813175,5.133105272,-4.18E-18,-2.09E-18,1.15E-18
-198.3701358,-1.493770772,-1.775409613,195.4490947,-0.453999123,1.290232749,-194.6824598,-1.198017456,4.684137441,-203.4617506,-0.769908205,-5.736426331,205.8830112,3.706499893,0.816868894,-196.2131439,3.800907861,1.366223099
-160.1604302,4.807047881,-7.462027065,181.1546938,-8.434665605,-2.277935031,-154.4119339,2.45036928,-1.570180514,-186.1628489,-5.567111419,-18.80628814,151.4252834,14.78248785,1.064028444,-157.3042692,3.854774265,2.864266806
135.7578908,25.45050933,24.16080859,-167.5410578,-8.196231689,-6.32009835,182.7036915,-18.89736754,-5.272982513,67.45887568,27.97074222,3.85199945,-108.3189642,-25.35344865,12.37788126,82.40524502,2.84891349,-22.7812178
-155.0772783,-3.255244853,4.021449778,150.0594719,0.743237992,6.736222657,-123.7980695,-17.16660879,2.040385401,-152.770811,-27.9679235,14.33331121,110.1578249,2.064842351,28.6259754,-177.6674246,8.199245452,-8.949237927
-59.01272212,27.85572098,-31.93586558,2.016384055,-80.66873462,4.529867486,-26.5855722,-37.49144536,-5.288531457,-46.27033921,-4.783387368,37.24213551,87.03040582,5.118516583,10.34946616,-97.63672692,-12.78236283,-15.83080923
-9.646063942,-17.94395461,4.314463841,-80.64209519,42.72994842,21.43088,-16.47529166,-25.48591271,6.382072443,-9.268298438,-49.9011614,16.61549124,36.18059214,-8.551048733,0.815403416,105.3186148,-25.2714214,17.99478581
-60.53778236,3.507580037,-7.588354848,61.99706692,-15.86928112,1.852200355,-39.67477129,5.657122222,-16.30700917,-88.03134238,1.823787901,2.529450109,106.0579193,0.600664743,-17.03509742,-109.3842842,-6.207745264,8.647280028
-37.96173932,-22.74059666,-5.234508269,17.88416632,-17.91905612,-18.43714774,-44.08836804,-2.184239995,-4.08873694,-13.17779768,15.54453208,11.32495887,29.74916105,5.539790983,-5.843748322,21.25558039,-33.4518866,-23.69966211
-18.3294578,1.006869086,-1.258452339,86.46552342,26.42484797,19.49967216,-61.65992747,0.027044128,5.073124965,-50.89575982,-29.64689087,23.87883641,19.47869361,-11.76946033,-10.19308316,-33.24349318,-23.66518947,39.15723194
68.61917334,33.32515481,17.05379772,-114.5352951,-3.22492484,39.20558119,122.1081328,35.57643034,-17.93346589,119.3780105,-21.63804479,-4.662562913,-69.24755536,19.25514771,-9.253125798,168.8247712,22.64692556,7.359918333
-86.44478248,7.743524257,-0.231674163,126.6654029,-10.35682205,30.37968208,-128.0078976,11.15918481,4.326377673,-135.3670973,15.03294285,7.862198314,120.0828948,-2.716518016,-7.479998389,-142.14182,-18.99718309,1.788136568
-123.5174351,10.04988233,-6.525826627,106.9517985,-17.32338093,-10.24656337,-135.6614677,4.600266552,2.177249029,-142.2055298,0.290420515,-2.581004809,113.9713855,-6.858075001,-5.638846257,-154.2558627,-22.77061909,1.716346833
9.957825225,22.36026115,1.489501903,1.002374664,5.355587287,10.06481191,88.21807384,-25.35748196,-22.59521747,1.526288746,18.19460222,3.561930577,-53.63948764,9.867568528,4.271854873,-6.633317544,5.63837152,-28.53424405
-73.32515906,15.50938344,18.25946523,43.8975792,-9.13312001,48.46658521,-110.3068168,0.958391689,-29.71137577,-137.0098036,-0.201703718,14.76035467,137.6217652,9.560804303,-7.405516781,-138.1163083,-19.02059873,12.23452705
-60.95526635,-16.73467806,6.807639849,22.6052368,38.21440907,19.88144053,-54.4736624,33.1744304,-6.339859998,-98.97873385,27.1566179,10.98886455,47.71603802,19.38384578,-10.22887899,-79.62306653,-19.36024418,-10.95944917
70.60967471,10.09144238,12.34028308,-44.06160393,-3.773766564,8.857457562,58.85736013,26.70546538,-4.163164519,30.81055766,33.43274057,-6.562856339,-51.44410382,-27.63260936,44.02491067,-0.10757529,1.520674475,-27.29679298
188.2419081,7.659992446,-5.259690109,-167.24889,69.92254184,14.88197868,151.8316363,9.603755467,-11.66921293,11.96588036,27.61588068,-0.523094935,46.97313724,1.23479474,-14.83064656,-53.13557694,-31.33873287,6.690453761
-83.27285226,5.556527435,-6.658577031,88.77122718,-33.14584766,-13.98855919,-97.89146609,10.0608586,-1.868824033,-78.22071365,4.239353952,-18.03979001,75.81844533,-3.394683858,12.80699363,-65.63545093,1.382090014,8.716503086
-25.90641941,5.614541628,21.35573794,-161.939471,-28.13579674,19.69163859,169.8301667,-20.83475165,-3.3771815,177.3168926,4.537241286,-0.070252835,-70.54078203,-38.76909797,-5.939158837,103.0447092,-16.80809646,24.31490112
67.06934753,-17.68742271,-2.125194843,32.68007742,-21.66114487,-4.605835925,82.73233047,-31.96167057,34.37601534,51.87892369,-48.26924061,35.16583312,-127.6116713,21.71968555,7.612188563,151.6046628,1.636574075,4.680924493
-199.5082418,3.437447497,-0.155209937,196.813794,12.00797286,-2.719151511,-202.9359809,1.161914597,0.456568952,-199.4246821,-5.676330943,1.032568027,202.2900177,4.055344999,-4.370575276,-196.8730846,5.285968251,-3.427341616
144.3221403,-16.73134028,17.69252651,-133.0517235,-29.12785386,-2.508981102,110.8665088,11.82927764,-14.18644892,56.35988209,0.551311867,-51.43379964,-99.23776801,27.06857213,-13.988549,53.63622206,46.97862304,-21.55245009
170.2869238,17.13311847,3.07543602,-176.9749596,3.737266304,-17.66546366,167.7265724,-16.22758461,-7.358265565,-2.11E-15,1.20E-17,-6.20E-17,-185.8923557,7.752775752,-0.875724319,188.6066844,-1.697424185,7.536096343
-16.29157113,-3.010008458,7.369602269,-14.66073464,-74.40996882,-5.178387863,53.37970729,13.00923904,-10.33883169,-35.61298463,-52.69595063,13.49836187,-19.14680109,-37.4782012,-5.797117837,59.4930517,-29.18652394,-8.584025824
112.097994,33.02623515,-44.50003054,-208.3625697,-5.561080047,-5.235640556,-1.08E-15,6.18E-17,3.46E-17,208.1960817,-8.8944402,-3.156814833,-205.0793953,-3.614970334,2.292386617,153.0668032,-31.3739171,33.20567033
-5.16E-18,-8.09E-19,-5.75E-18,-27.50962289,84.9452223,-12.12272692,-7.818691257,6.398955972,-1.875193666,-37.10811163,41.09938484,19.36397312,3.858600514,-8.411484768,12.17028438,-26.50408541,-18.49304641,-4.934672119
-49.26944139,-10.94446171,40.76254188,-1.13E-15,-6.45E-17,-1.42E-16,89.79834229,-9.137061782,-26.75552916,21.68714042,-13.44703943,23.35941963,-127.9842839,2.931421334,4.139173029,27.50194944,40.99786283,3.772520398
-66.95752667,-11.35196219,9.285149054,97.79671166,-13.17109209,5.134986776,-65.85080502,-9.305097622,-16.56329626,-96.68667134,8.289912125,10.50096898,104.1579415,5.614301191,-11.7879402,-64.2923893,7.56583628,26.52225447
-100.3384352,-0.233491599,-10.40214378,35.57090818,4.293961264,-40.93161691,-110.4172755,-4.736188731,9.411418891,-114.8203442,6.416019237,-20.82662204,81.57173886,7.536709027,8.498488303,-113.6457293,14.51801777,-3.294907631
-191.0575236,3.523007936,0.09384323,196.3125509,10.44002523,1.020321602,-174.0255729,-0.875228348,-16.53796229,-195.5570481,4.829784985,6.352915566,207.8727176,-2.260448015,3.25737809,-200.0141565,-3.303328242,0.04185907
147.1981867,7.255204958,-25.67995751,-2.456361072,6.922602281,8.878488135,53.40068904,12.43534089,-6.111753703,187.0222297,-5.541704116,0.127797282,-200.958265,-12.70758638,5.861610756,128.2636116,0.819418439,7.999590992
167.7996326,8.97852213,-6.622589996,-87.98533092,15.03300493,12.04393293,183.614296,6.825983209,-3.702377512,79.22937633,8.020862771,-27.40120811,-159.0911426,11.00837318,-15.09557469,103.8922763,4.682005641,9.874238695
96.87679971,-41.89460815,10.13488826,-52.85431997,-16.62104865,-32.72657375,61.0953357,3.529677873,65.30861738,148.4226756,3.605769205,12.04860534,-38.82418804,-20.01595736,-17.03470177,101.7197156,-6.971804836,-4.924889452
-117.6481349,3.344498778,-3.191614927,107.2364957,14.14564174,-3.558839503,-96.28309281,5.246623425,5.452507771,-123.3751264,4.806249632,-3.48808172,90.44831641,2.959143864,-6.61911628,-128.1978839,-11.44842516,-0.10347647
173.0681675,-14.60950852,-6.101206597,-133.5587007,-12.84998401,30.36521304,140.1439818,-39.33278922,-4.032840025,87.68939583,-17.4944444,20.56634239,-178.1677002,13.78281524,14.42006922,126.2549864,-12.51591963,-26.25627019
-5.16E-18,-8.09E-19,-5.75E-18,-86.55057007,-45.34775537,30.79876005,-1.08E-15,6.18E-17,3.46E-17,153.4708274,-21.43355256,20.51728455,-149.2053689,18.22596036,11.10917044,108.0064366,22.89214332,6.350395614
192.2401637,3.111614895,-2.324867778,-1.13E-15,-6.45E-17,-1.42E-16,-1.08E-15,6.18E-17,3.46E-17,-2.11E-15,1.20E-17,-6.20E-17,3.39E-15,2.38E-16,-6.94E-17,-4.18E-18,-2.09E-18,1.15E-18
-5.16E-18,-8.09E-19,-5.75E-18,-1.13E-15,-6.45E-17,-1.42E-16,-1.08E-15,6.18E-17,3.46E-17,-2.11E-15,1.20E-17,-6.20E-17,-107.2141728,21.66759428,5.214844526,102.0307034,6.37622042,25.31367557
-28.82847152,-46.47656118,-15.4020604,18.90787848,42.11023746,34.10313379,-90.42531302,-1.374154773,-23.92438627,79.49361027,37.41286981,47.17239953,-73.49408655,-19.85263774,53.15701996,61.5582116,-2.387174383,-23.69277081
-100.7338065,-10.9253477,4.395225676,96.63766789,-4.400267334,12.47457775,-133.9034151,1.918009817,-0.979711317,-131.2320537,-0.411609739,-18.79348815,117.7821849,6.350881379,0.198553759,-89.42271099,1.360182824,-7.326170915
-146.913538,5.767491472,-0.96503439,154.9812679,18.43100695,-0.034679831,-158.2738169,6.991788737,1.918316506,-163.6250413,-2.840758176,15.74831521,151.2599721,-11.22952311,8.451812772,-144.4279879,2.509394842,9.091111274
146.9583975,-12.20870049,-1.915847314,-48.82828229,2.104463296,15.99074734,40.50737832,31.51117279,36.58522099,138.5602847,10.99481004,-0.912373389,51.84180818,3.034227982,1.726974299,-4.18E-18,-2.09E-18,1.15E-18
33.31931677,33.27183653,-2.782446377,13.15766263,2.746288314,12.12359312,-1.08E-15,6.18E-17,3.46E-17,-2.11E-15,1.20E-17,-6.20E-17,57.68092777,-4.60201395,0.827487293,57.23417859,-10.52585764,18.40722213
10.65762519,24.06279813,-2.485879468,-59.98540398,19.13305122,-1.194994009,-22.6971544,11.53778448,-12.1600509,-47.55089649,17.60220015,-2.522939495,-8.600637011,-37.5085747,26.99399458,-19.52849723,-23.30492033,-3.492444668
20.63139298,2.192990871,-5.099217255,1.185162223,-0.750302313,-45.5958507,-54.92201384,-29.48480046,4.884480866,37.21339634,17.50664224,-6.588916353,46.85375776,4.76321904,2.342808498,20.72698257,0.782805733,23.36977216
-164.1772354,-0.951926795,0.963965154,170.2398788,-14.68816218,-6.426660668,-185.2917682,2.115255025,-7.796742843,-186.1852397,4.292743298,-15.00469705,187.0733444,-0.294147344,10.08178747,-179.8928864,11.87942435,2.863235133
132.9505105,12.94722159,4.484304506,5.47148381,-10.5399988,31.46775433,98.74866365,11.80884283,-17.49608752,115.557705,64.24134711,-19.37698859,-100.4465055,20.8242866,15.42228709,53.66563439,-0.746207846,-22.09632862
-9.398359984,-8.47134638,-4.452795783,-30.27123417,45.46453349,-1.106196924,91.35311396,44.57656009,-8.428504761,-5.684619733,22.71514072,14.46946792,-104.4187715,-5.157820283,21.55217461,155.0019122,-17.6866757,5.598760771
-58.93489839,-11.81814085,-3.596252965,50.81437933,8.155394519,-14.90387975,-57.04955735,30.91585013,6.843314136,-81.99366623,1.49456818,9.194594484,46.11164106,-8.401523132,-12.03903541,-106.8702801,5.187423181,-0.57564278
94.49712264,4.416218992,-3.249077742,-47.43258413,-56.92407187,-1.979529639,-26.75607972,35.05955476,32.04163149,169.0305351,23.79468564,11.46864248,3.39E-15,2.38E-16,-6.94E-17,145.0818187,25.11270035,13.38294505
-135.7154765,-2.763035531,7.391450694,123.14459,13.50906325,-20.38986284,-152.5369786,5.403710077,0.379179977,-124.6261293,4.523384715,9.771840959,160.5759809,3.586443731,-0.720040568,-125.7231436,-10.66455605,4.801279956
73.84032401,-11.94609281,48.68031487,-145.530884,-1.218178271,-5.688717547,-1.08E-15,6.18E-17,3.46E-17,96.43780927,-8.977840383,-40.91097447,-93.81639719,2.557333996,-2.527566183,74.39472318,-63.15292996,-6.211825033
97.72968897,30.99946759,42.41323025,-1.13E-15,-6.45E-17,-1.42E-16,71.9545973,34.99516655,-2.731716167,132.8426239,30.70303429,-11.53251993,-174.3766526,21.60629868,15.53532805,183.0129053,9.717348785,3.601270456
